{"accuracy": [0.43781208992004395, 0.7432676553726196, 0.8132014870643616, 0.8404865264892578, 0.8548972010612488, 0.8607439994812012, 0.867117166519165, 0.8727363348007202, 0.8797496557235718, 0.8771036267280579], "loss": [1.9030576944351196, 0.8084498047828674, 0.5849717855453491, 0.5036651492118835, 0.4527544379234314, 0.43896836042404175, 0.41562870144844055, 0.39948028326034546, 0.38560760021209717, 0.39366093277931213], "val_accuracy": [0.7055543065071106, 0.768210768699646, 0.8651263117790222, 0.851980447769165, 0.8730366230010986, 0.8751422762870789, 0.8520373106002808, 0.8988732099533081, 0.8779308199882507, 0.8838493227958679], "val_loss": [0.9208559989929199, 0.7524663209915161, 0.415974885225296, 0.4582805037498474, 0.39792466163635254, 0.4078371524810791, 0.4746740758419037, 0.32305294275283813, 0.4115356206893921, 0.37434205412864685]}